component_id,machine_id,affected_sub_assembly,product_subsystem,installation_date,observation_end
SUB-SIM-0001,SIM-0001,SIM Control Application,SIM Software Subsystem,2022-01-02,2023-06-26
SUB-SIM-0002,SIM-0001,SIM Message Gateway,SIM Network Subsystem,2022-02-09,2023-08-03
SUB-SIM-0003,SIM-0001,SIM Processing Unit,SIM Image Subsystem,2021-05-03,2022-10-25
SUB-SIM-0004,SIM-0001,SIM Configuration Service,SIM Software Subsystem,2022-02-05,2023-07-30
SUB-SIM-0005,SIM-0001,SIM Network Interface,SIM Network Subsystem,2022-02-01,2023-07-26
SUB-SIM-0006,SIM-0001,SIM Image Controller,SIM Image Subsystem,2022-01-09,2023-07-03
SUB-SIM-0007,SIM-0001,SIM Position Drive,SIM Motion Subsystem,2021-06-13,2022-12-05
SUB-SIM-0008,SIM-0001,SIM Circulation Unit,SIM Thermal Subsystem,2021-05-24,2022-11-15
SUB-SIM-0009,SIM-0002,SIM Network Interface,SIM Network Subsystem,2021-04-02,2022-09-24
SUB-SIM-0010,SIM-0002,SIM Position Drive,SIM Motion Subsystem,2021-12-04,2023-05-28
SUB-SIM-0011,SIM-0002,SIM Message Gateway,SIM Network Subsystem,2022-04-03,2023-09-25
SUB-SIM-0012,SIM-0002,SIM Regulation Unit,SIM Energy Subsystem,2021-05-08,2022-10-30
SUB-SIM-0013,SIM-0002,SIM Power Unit,SIM Energy Subsystem,2021-09-19,2023-03-13
SUB-SIM-0014,SIM-0002,SIM Processing Unit,SIM Image Subsystem,2021-12-21,2023-06-14
SUB-SIM-0015,SIM-0002,SIM Control Application,SIM Software Subsystem,2021-06-12,2022-12-04
SUB-SIM-0016,SIM-0002,SIM Alignment Monitor,SIM Motion Subsystem,2021-12-20,2023-06-13
SUB-SIM-0017,SIM-0003,SIM Power Unit,SIM Energy Subsystem,2022-04-01,2023-09-23
SUB-SIM-0018,SIM-0003,SIM Network Interface,SIM Network Subsystem,2021-06-11,2022-12-03
SUB-SIM-0019,SIM-0003,SIM Configuration Service,SIM Software Subsystem,2022-04-04,2023-09-26
SUB-SIM-0020,SIM-0003,SIM Image Controller,SIM Image Subsystem,2021-04-06,2022-09-28
SUB-SIM-0021,SIM-0003,SIM Processing Unit,SIM Image Subsystem,2021-06-07,2022-11-29
SUB-SIM-0022,SIM-0003,SIM Position Drive,SIM Motion Subsystem,2021-10-08,2023-04-01
SUB-SIM-0023,SIM-0003,SIM Circulation Unit,SIM Thermal Subsystem,2021-07-06,2022-12-28
SUB-SIM-0024,SIM-0003,SIM Regulation Unit,SIM Energy Subsystem,2021-06-01,2022-11-23
SUB-SIM-0025,SIM-0004,SIM Flow Monitor,SIM Thermal Subsystem,2021-05-14,2022-11-05
SUB-SIM-0026,SIM-0004,SIM Configuration Service,SIM Software Subsystem,2021-04-14,2022-10-06
SUB-SIM-0027,SIM-0004,SIM Processing Unit,SIM Image Subsystem,2021-06-21,2022-12-13
SUB-SIM-0028,SIM-0004,SIM Message Gateway,SIM Network Subsystem,2021-10-20,2023-04-13
SUB-SIM-0029,SIM-0004,SIM Control Application,SIM Software Subsystem,2021-11-04,2023-04-28
SUB-SIM-0030,SIM-0004,SIM Network Interface,SIM Network Subsystem,2021-05-11,2022-11-02
SUB-SIM-0031,SIM-0004,SIM Position Drive,SIM Motion Subsystem,2022-01-16,2023-07-10
SUB-SIM-0032,SIM-0004,SIM Power Unit,SIM Energy Subsystem,2021-04-20,2022-10-12
SUB-SIM-0033,SIM-0005,SIM Flow Monitor,SIM Thermal Subsystem,2021-12-22,2023-06-15
SUB-SIM-0034,SIM-0005,SIM Position Drive,SIM Motion Subsystem,2021-08-15,2023-02-06
SUB-SIM-0035,SIM-0005,SIM Circulation Unit,SIM Thermal Subsystem,2021-12-16,2023-06-09
SUB-SIM-0036,SIM-0005,SIM Alignment Monitor,SIM Motion Subsystem,2021-05-16,2022-11-07
SUB-SIM-0037,SIM-0005,SIM Message Gateway,SIM Network Subsystem,2021-07-05,2022-12-27
SUB-SIM-0038,SIM-0005,SIM Processing Unit,SIM Image Subsystem,2021-09-24,2023-03-18
SUB-SIM-0039,SIM-0005,SIM Image Controller,SIM Image Subsystem,2021-07-02,2022-12-24
SUB-SIM-0040,SIM-0005,SIM Power Unit,SIM Energy Subsystem,2021-11-30,2023-05-24
SUB-SIM-0041,SIM-0006,SIM Configuration Service,SIM Software Subsystem,2021-06-16,2022-12-08
SUB-SIM-0042,SIM-0006,SIM Processing Unit,SIM Image Subsystem,2021-07-27,2023-01-18
SUB-SIM-0043,SIM-0006,SIM Control Application,SIM Software Subsystem,2021-07-05,2022-12-27
SUB-SIM-0044,SIM-0006,SIM Message Gateway,SIM Network Subsystem,2022-02-14,2023-08-08
SUB-SIM-0045,SIM-0006,SIM Flow Monitor,SIM Thermal Subsystem,2022-06-05,2023-11-27
SUB-SIM-0046,SIM-0006,SIM Network Interface,SIM Network Subsystem,2021-12-24,2023-06-17
SUB-SIM-0047,SIM-0006,SIM Image Controller,SIM Image Subsystem,2021-05-31,2022-11-22
SUB-SIM-0048,SIM-0006,SIM Alignment Monitor,SIM Motion Subsystem,2022-02-11,2023-08-05
SUB-SIM-0049,SIM-0007,SIM Network Interface,SIM Network Subsystem,2022-02-17,2023-08-11
SUB-SIM-0050,SIM-0007,SIM Circulation Unit,SIM Thermal Subsystem,2021-11-01,2023-04-25
SUB-SIM-0051,SIM-0007,SIM Control Application,SIM Software Subsystem,2021-11-20,2023-05-14
SUB-SIM-0052,SIM-0007,SIM Processing Unit,SIM Image Subsystem,2021-12-20,2023-06-13
SUB-SIM-0053,SIM-0007,SIM Alignment Monitor,SIM Motion Subsystem,2022-03-22,2023-09-13
SUB-SIM-0054,SIM-0007,SIM Message Gateway,SIM Network Subsystem,2021-08-28,2023-02-19
SUB-SIM-0055,SIM-0007,SIM Image Controller,SIM Image Subsystem,2021-12-05,2023-05-29
SUB-SIM-0056,SIM-0007,SIM Flow Monitor,SIM Thermal Subsystem,2021-09-22,2023-03-16
SUB-SIM-0057,SIM-0008,SIM Flow Monitor,SIM Thermal Subsystem,2021-11-10,2023-05-04
SUB-SIM-0058,SIM-0008,SIM Processing Unit,SIM Image Subsystem,2022-06-04,2023-11-26
SUB-SIM-0059,SIM-0008,SIM Position Drive,SIM Motion Subsystem,2022-03-28,2023-09-19
SUB-SIM-0060,SIM-0008,SIM Network Interface,SIM Network Subsystem,2021-09-03,2023-02-25
SUB-SIM-0061,SIM-0008,SIM Regulation Unit,SIM Energy Subsystem,2021-10-26,2023-04-19
SUB-SIM-0062,SIM-0008,SIM Power Unit,SIM Energy Subsystem,2021-08-17,2023-02-08
SUB-SIM-0063,SIM-0008,SIM Message Gateway,SIM Network Subsystem,2022-06-06,2023-11-28
SUB-SIM-0064,SIM-0008,SIM Configuration Service,SIM Software Subsystem,2022-01-04,2023-06-28
SUB-SIM-0065,SIM-0009,SIM Processing Unit,SIM Image Subsystem,2022-05-27,2023-11-18
SUB-SIM-0066,SIM-0009,SIM Circulation Unit,SIM Thermal Subsystem,2022-04-25,2023-10-17
SUB-SIM-0067,SIM-0009,SIM Image Controller,SIM Image Subsystem,2022-08-07,2024-01-29
SUB-SIM-0068,SIM-0009,SIM Network Interface,SIM Network Subsystem,2021-09-08,2023-03-02
SUB-SIM-0069,SIM-0009,SIM Power Unit,SIM Energy Subsystem,2022-01-31,2023-07-25
SUB-SIM-0070,SIM-0009,SIM Control Application,SIM Software Subsystem,2021-08-21,2023-02-12
SUB-SIM-0071,SIM-0009,SIM Flow Monitor,SIM Thermal Subsystem,2021-11-23,2023-05-17
SUB-SIM-0072,SIM-0009,SIM Configuration Service,SIM Software Subsystem,2021-12-09,2023-06-02
SUB-SIM-0073,SIM-0010,SIM Image Controller,SIM Image Subsystem,2022-07-05,2023-12-27
SUB-SIM-0074,SIM-0010,SIM Circulation Unit,SIM Thermal Subsystem,2022-07-18,2024-01-09
SUB-SIM-0075,SIM-0010,SIM Alignment Monitor,SIM Motion Subsystem,2021-07-24,2023-01-15
SUB-SIM-0076,SIM-0010,SIM Flow Monitor,SIM Thermal Subsystem,2022-02-23,2023-08-17
SUB-SIM-0077,SIM-0010,SIM Position Drive,SIM Motion Subsystem,2022-05-03,2023-10-25
SUB-SIM-0078,SIM-0010,SIM Network Interface,SIM Network Subsystem,2021-10-28,2023-04-21
SUB-SIM-0079,SIM-0010,SIM Configuration Service,SIM Software Subsystem,2021-10-17,2023-04-10
SUB-SIM-0080,SIM-0010,SIM Regulation Unit,SIM Energy Subsystem,2022-03-28,2023-09-19
SUB-SIM-0081,SIM-0011,SIM Processing Unit,SIM Image Subsystem,2022-08-11,2024-02-02
SUB-SIM-0082,SIM-0011,SIM Circulation Unit,SIM Thermal Subsystem,2021-11-01,2023-04-25
SUB-SIM-0083,SIM-0011,SIM Power Unit,SIM Energy Subsystem,2021-12-07,2023-05-31
SUB-SIM-0084,SIM-0011,SIM Control Application,SIM Software Subsystem,2022-01-11,2023-07-05
SUB-SIM-0085,SIM-0011,SIM Regulation Unit,SIM Energy Subsystem,2022-01-16,2023-07-10
SUB-SIM-0086,SIM-0011,SIM Image Controller,SIM Image Subsystem,2022-06-22,2023-12-14
SUB-SIM-0087,SIM-0011,SIM Message Gateway,SIM Network Subsystem,2021-10-01,2023-03-25
SUB-SIM-0088,SIM-0011,SIM Position Drive,SIM Motion Subsystem,2022-06-07,2023-11-29
SUB-SIM-0089,SIM-0012,SIM Processing Unit,SIM Image Subsystem,2022-01-18,2023-07-12
SUB-SIM-0090,SIM-0012,SIM Image Controller,SIM Image Subsystem,2022-03-13,2023-09-04
SUB-SIM-0091,SIM-0012,SIM Message Gateway,SIM Network Subsystem,2022-05-02,2023-10-24
SUB-SIM-0092,SIM-0012,SIM Regulation Unit,SIM Energy Subsystem,2022-03-14,2023-09-05
SUB-SIM-0093,SIM-0012,SIM Alignment Monitor,SIM Motion Subsystem,2022-04-02,2023-09-24
SUB-SIM-0094,SIM-0012,SIM Power Unit,SIM Energy Subsystem,2022-09-29,2024-03-22
SUB-SIM-0095,SIM-0012,SIM Circulation Unit,SIM Thermal Subsystem,2022-05-21,2023-11-12
SUB-SIM-0096,SIM-0012,SIM Control Application,SIM Software Subsystem,2021-12-01,2023-05-25
SUB-SIM-0097,SIM-0013,SIM Image Controller,SIM Image Subsystem,2022-10-25,2024-04-17
SUB-SIM-0098,SIM-0013,SIM Position Drive,SIM Motion Subsystem,2022-09-30,2024-03-23
SUB-SIM-0099,SIM-0013,SIM Alignment Monitor,SIM Motion Subsystem,2022-01-22,2023-07-16
SUB-SIM-0100,SIM-0013,SIM Network Interface,SIM Network Subsystem,2022-09-28,2024-03-21
SUB-SIM-0101,SIM-0013,SIM Circulation Unit,SIM Thermal Subsystem,2022-01-15,2023-07-09
SUB-SIM-0102,SIM-0013,SIM Message Gateway,SIM Network Subsystem,2022-02-03,2023-07-28
SUB-SIM-0103,SIM-0013,SIM Regulation Unit,SIM Energy Subsystem,2022-04-05,2023-09-27
SUB-SIM-0104,SIM-0013,SIM Control Application,SIM Software Subsystem,2022-10-02,2024-03-25
SUB-SIM-0105,SIM-0014,SIM Control Application,SIM Software Subsystem,2022-01-20,2023-07-14
SUB-SIM-0106,SIM-0014,SIM Regulation Unit,SIM Energy Subsystem,2022-10-09,2024-04-01
SUB-SIM-0107,SIM-0014,SIM Message Gateway,SIM Network Subsystem,2022-08-31,2024-02-22
SUB-SIM-0108,SIM-0014,SIM Circulation Unit,SIM Thermal Subsystem,2022-01-27,2023-07-21
SUB-SIM-0109,SIM-0014,SIM Image Controller,SIM Image Subsystem,2022-06-25,2023-12-17
SUB-SIM-0110,SIM-0014,SIM Network Interface,SIM Network Subsystem,2022-05-17,2023-11-08
SUB-SIM-0111,SIM-0014,SIM Alignment Monitor,SIM Motion Subsystem,2022-03-23,2023-09-14
SUB-SIM-0112,SIM-0014,SIM Power Unit,SIM Energy Subsystem,2022-04-16,2023-10-08
SUB-SIM-0113,SIM-0015,SIM Configuration Service,SIM Software Subsystem,2022-08-08,2024-01-30
SUB-SIM-0114,SIM-0015,SIM Flow Monitor,SIM Thermal Subsystem,2022-04-23,2023-10-15
SUB-SIM-0115,SIM-0015,SIM Power Unit,SIM Energy Subsystem,2021-12-14,2023-06-07
SUB-SIM-0116,SIM-0015,SIM Processing Unit,SIM Image Subsystem,2021-12-03,2023-05-27
SUB-SIM-0117,SIM-0015,SIM Alignment Monitor,SIM Motion Subsystem,2021-11-23,2023-05-17
SUB-SIM-0118,SIM-0015,SIM Network Interface,SIM Network Subsystem,2021-11-23,2023-05-17
SUB-SIM-0119,SIM-0015,SIM Control Application,SIM Software Subsystem,2022-01-11,2023-07-05
SUB-SIM-0120,SIM-0015,SIM Regulation Unit,SIM Energy Subsystem,2022-05-27,2023-11-18
SUB-SIM-0121,SIM-0016,SIM Regulation Unit,SIM Energy Subsystem,2022-05-07,2023-10-29
SUB-SIM-0122,SIM-0016,SIM Flow Monitor,SIM Thermal Subsystem,2022-01-30,2023-07-24
SUB-SIM-0123,SIM-0016,SIM Network Interface,SIM Network Subsystem,2022-09-10,2024-03-03
SUB-SIM-0124,SIM-0016,SIM Configuration Service,SIM Software Subsystem,2022-07-26,2024-01-17
SUB-SIM-0125,SIM-0016,SIM Processing Unit,SIM Image Subsystem,2022-06-27,2023-12-19
SUB-SIM-0126,SIM-0016,SIM Image Controller,SIM Image Subsystem,2022-09-13,2024-03-06
SUB-SIM-0127,SIM-0016,SIM Position Drive,SIM Motion Subsystem,2022-07-31,2024-01-22
SUB-SIM-0128,SIM-0016,SIM Control Application,SIM Software Subsystem,2022-01-29,2023-07-23
SUB-SIM-0129,SIM-0017,SIM Circulation Unit,SIM Thermal Subsystem,2022-03-16,2023-09-07
SUB-SIM-0130,SIM-0017,SIM Configuration Service,SIM Software Subsystem,2022-07-22,2024-01-13
SUB-SIM-0131,SIM-0017,SIM Regulation Unit,SIM Energy Subsystem,2022-03-27,2023-09-18
SUB-SIM-0132,SIM-0017,SIM Position Drive,SIM Motion Subsystem,2022-03-23,2023-09-14
SUB-SIM-0133,SIM-0017,SIM Control Application,SIM Software Subsystem,2022-03-22,2023-09-13
SUB-SIM-0134,SIM-0017,SIM Image Controller,SIM Image Subsystem,2022-10-31,2024-04-23
SUB-SIM-0135,SIM-0017,SIM Flow Monitor,SIM Thermal Subsystem,2022-02-13,2023-08-07
SUB-SIM-0136,SIM-0017,SIM Network Interface,SIM Network Subsystem,2022-11-26,2024-05-19
SUB-SIM-0137,SIM-0018,SIM Image Controller,SIM Image Subsystem,2022-07-18,2024-01-09
SUB-SIM-0138,SIM-0018,SIM Alignment Monitor,SIM Motion Subsystem,2023-01-01,2024-06-24
SUB-SIM-0139,SIM-0018,SIM Control Application,SIM Software Subsystem,2022-12-19,2024-06-11
SUB-SIM-0140,SIM-0018,SIM Message Gateway,SIM Network Subsystem,2022-07-21,2024-01-12
SUB-SIM-0141,SIM-0018,SIM Regulation Unit,SIM Energy Subsystem,2022-08-25,2024-02-16
SUB-SIM-0142,SIM-0018,SIM Position Drive,SIM Motion Subsystem,2022-06-18,2023-12-10
SUB-SIM-0143,SIM-0018,SIM Power Unit,SIM Energy Subsystem,2022-03-06,2023-08-28
SUB-SIM-0144,SIM-0018,SIM Processing Unit,SIM Image Subsystem,2022-03-24,2023-09-15
SUB-SIM-0145,SIM-0019,SIM Circulation Unit,SIM Thermal Subsystem,2022-02-08,2023-08-02
SUB-SIM-0146,SIM-0019,SIM Position Drive,SIM Motion Subsystem,2022-11-27,2024-05-20
SUB-SIM-0147,SIM-0019,SIM Power Unit,SIM Energy Subsystem,2023-01-13,2024-07-06
SUB-SIM-0148,SIM-0019,SIM Alignment Monitor,SIM Motion Subsystem,2022-12-16,2024-06-08
SUB-SIM-0149,SIM-0019,SIM Regulation Unit,SIM Energy Subsystem,2022-10-23,2024-04-15
SUB-SIM-0150,SIM-0019,SIM Configuration Service,SIM Software Subsystem,2022-05-03,2023-10-25
SUB-SIM-0151,SIM-0019,SIM Message Gateway,SIM Network Subsystem,2022-09-26,2024-03-19
SUB-SIM-0152,SIM-0019,SIM Processing Unit,SIM Image Subsystem,2022-01-17,2023-07-11
SUB-SIM-0153,SIM-0020,SIM Image Controller,SIM Image Subsystem,2022-01-28,2023-07-22
SUB-SIM-0154,SIM-0020,SIM Circulation Unit,SIM Thermal Subsystem,2022-06-04,2023-11-26
SUB-SIM-0155,SIM-0020,SIM Position Drive,SIM Motion Subsystem,2022-10-11,2024-04-03
SUB-SIM-0156,SIM-0020,SIM Configuration Service,SIM Software Subsystem,2022-08-31,2024-02-22
SUB-SIM-0157,SIM-0020,SIM Alignment Monitor,SIM Motion Subsystem,2023-01-24,2024-07-17
SUB-SIM-0158,SIM-0020,SIM Processing Unit,SIM Image Subsystem,2022-09-10,2024-03-03
SUB-SIM-0159,SIM-0020,SIM Control Application,SIM Software Subsystem,2023-01-10,2024-07-03
SUB-SIM-0160,SIM-0020,SIM Regulation Unit,SIM Energy Subsystem,2022-07-20,2024-01-11
SUB-SIM-0161,SIM-0021,SIM Position Drive,SIM Motion Subsystem,2022-10-21,2024-04-13
SUB-SIM-0162,SIM-0021,SIM Image Controller,SIM Image Subsystem,2022-10-08,2024-03-31
SUB-SIM-0163,SIM-0021,SIM Flow Monitor,SIM Thermal Subsystem,2022-10-25,2024-04-17
SUB-SIM-0164,SIM-0021,SIM Configuration Service,SIM Software Subsystem,2022-04-21,2023-10-13
SUB-SIM-0165,SIM-0021,SIM Power Unit,SIM Energy Subsystem,2022-04-07,2023-09-29
SUB-SIM-0166,SIM-0021,SIM Control Application,SIM Software Subsystem,2022-06-30,2023-12-22
SUB-SIM-0167,SIM-0021,SIM Message Gateway,SIM Network Subsystem,2023-02-12,2024-08-05
SUB-SIM-0168,SIM-0021,SIM Alignment Monitor,SIM Motion Subsystem,2022-09-10,2024-03-03
SUB-SIM-0169,SIM-0022,SIM Position Drive,SIM Motion Subsystem,2022-07-18,2024-01-09
SUB-SIM-0170,SIM-0022,SIM Alignment Monitor,SIM Motion Subsystem,2023-02-01,2024-07-25
SUB-SIM-0171,SIM-0022,SIM Processing Unit,SIM Image Subsystem,2022-12-19,2024-06-11
SUB-SIM-0172,SIM-0022,SIM Network Interface,SIM Network Subsystem,2022-07-12,2024-01-03
SUB-SIM-0173,SIM-0022,SIM Power Unit,SIM Energy Subsystem,2023-02-05,2024-07-29
SUB-SIM-0174,SIM-0022,SIM Control Application,SIM Software Subsystem,2022-07-04,2023-12-26
SUB-SIM-0175,SIM-0022,SIM Circulation Unit,SIM Thermal Subsystem,2023-01-08,2024-07-01
SUB-SIM-0176,SIM-0022,SIM Configuration Service,SIM Software Subsystem,2023-03-01,2024-08-22
SUB-SIM-0177,SIM-0023,SIM Power Unit,SIM Energy Subsystem,2022-09-18,2024-03-11
SUB-SIM-0178,SIM-0023,SIM Flow Monitor,SIM Thermal Subsystem,2022-03-20,2023-09-11
SUB-SIM-0179,SIM-0023,SIM Regulation Unit,SIM Energy Subsystem,2022-08-14,2024-02-05
SUB-SIM-0180,SIM-0023,SIM Processing Unit,SIM Image Subsystem,2022-12-12,2024-06-04
SUB-SIM-0181,SIM-0023,SIM Circulation Unit,SIM Thermal Subsystem,2022-09-03,2024-02-25
SUB-SIM-0182,SIM-0023,SIM Configuration Service,SIM Software Subsystem,2022-03-17,2023-09-08
SUB-SIM-0183,SIM-0023,SIM Alignment Monitor,SIM Motion Subsystem,2022-09-30,2024-03-23
SUB-SIM-0184,SIM-0023,SIM Position Drive,SIM Motion Subsystem,2022-05-27,2023-11-18
SUB-SIM-0185,SIM-0024,SIM Circulation Unit,SIM Thermal Subsystem,2023-01-24,2024-07-17
SUB-SIM-0186,SIM-0024,SIM Message Gateway,SIM Network Subsystem,2023-02-06,2024-07-30
SUB-SIM-0187,SIM-0024,SIM Flow Monitor,SIM Thermal Subsystem,2022-04-20,2023-10-12
SUB-SIM-0188,SIM-0024,SIM Configuration Service,SIM Software Subsystem,2022-05-07,2023-10-29
SUB-SIM-0189,SIM-0024,SIM Network Interface,SIM Network Subsystem,2022-07-27,2024-01-18
SUB-SIM-0190,SIM-0024,SIM Control Application,SIM Software Subsystem,2022-06-25,2023-12-17
SUB-SIM-0191,SIM-0024,SIM Power Unit,SIM Energy Subsystem,2023-04-02,2024-09-23
SUB-SIM-0192,SIM-0024,SIM Position Drive,SIM Motion Subsystem,2023-01-03,2024-06-26
SUB-SIM-0193,SIM-0025,SIM Image Controller,SIM Image Subsystem,2022-12-08,2024-05-31
SUB-SIM-0194,SIM-0025,SIM Network Interface,SIM Network Subsystem,2022-05-05,2023-10-27
SUB-SIM-0195,SIM-0025,SIM Control Application,SIM Software Subsystem,2023-02-26,2024-08-19
SUB-SIM-0196,SIM-0025,SIM Power Unit,SIM Energy Subsystem,2022-04-18,2023-10-10
SUB-SIM-0197,SIM-0025,SIM Regulation Unit,SIM Energy Subsystem,2022-10-06,2024-03-29
SUB-SIM-0198,SIM-0025,SIM Configuration Service,SIM Software Subsystem,2022-05-23,2023-11-14
SUB-SIM-0199,SIM-0025,SIM Alignment Monitor,SIM Motion Subsystem,2023-04-06,2024-09-27
SUB-SIM-0200,SIM-0025,SIM Message Gateway,SIM Network Subsystem,2022-08-09,2024-01-31
SUB-SIM-0201,SIM-0026,SIM Power Unit,SIM Energy Subsystem,2023-05-01,2024-10-22
SUB-SIM-0202,SIM-0026,SIM Regulation Unit,SIM Energy Subsystem,2022-10-14,2024-04-06
SUB-SIM-0203,SIM-0026,SIM Circulation Unit,SIM Thermal Subsystem,2023-02-27,2024-08-20
SUB-SIM-0204,SIM-0026,SIM Alignment Monitor,SIM Motion Subsystem,2022-06-30,2023-12-22
SUB-SIM-0205,SIM-0026,SIM Control Application,SIM Software Subsystem,2022-07-20,2024-01-11
SUB-SIM-0206,SIM-0026,SIM Message Gateway,SIM Network Subsystem,2023-04-24,2024-10-15
SUB-SIM-0207,SIM-0026,SIM Processing Unit,SIM Image Subsystem,2023-06-05,2024-11-26
SUB-SIM-0208,SIM-0026,SIM Position Drive,SIM Motion Subsystem,2022-11-30,2024-05-23
SUB-SIM-0209,SIM-0027,SIM Control Application,SIM Software Subsystem,2022-08-25,2024-02-16
SUB-SIM-0210,SIM-0027,SIM Flow Monitor,SIM Thermal Subsystem,2023-05-30,2024-11-20
SUB-SIM-0211,SIM-0027,SIM Message Gateway,SIM Network Subsystem,2022-12-08,2024-05-31
SUB-SIM-0212,SIM-0027,SIM Regulation Unit,SIM Energy Subsystem,2022-11-15,2024-05-08
SUB-SIM-0213,SIM-0027,SIM Power Unit,SIM Energy Subsystem,2022-10-08,2024-03-31
SUB-SIM-0214,SIM-0027,SIM Configuration Service,SIM Software Subsystem,2022-07-27,2024-01-18
SUB-SIM-0215,SIM-0027,SIM Processing Unit,SIM Image Subsystem,2023-03-02,2024-08-23
SUB-SIM-0216,SIM-0027,SIM Position Drive,SIM Motion Subsystem,2022-06-15,2023-12-07
SUB-SIM-0217,SIM-0028,SIM Position Drive,SIM Motion Subsystem,2022-08-08,2024-01-30
SUB-SIM-0218,SIM-0028,SIM Configuration Service,SIM Software Subsystem,2023-06-15,2024-12-06
SUB-SIM-0219,SIM-0028,SIM Network Interface,SIM Network Subsystem,2023-05-16,2024-11-06
SUB-SIM-0220,SIM-0028,SIM Flow Monitor,SIM Thermal Subsystem,2023-05-15,2024-11-05
SUB-SIM-0221,SIM-0028,SIM Control Application,SIM Software Subsystem,2023-04-28,2024-10-19
SUB-SIM-0222,SIM-0028,SIM Image Controller,SIM Image Subsystem,2023-01-06,2024-06-29
SUB-SIM-0223,SIM-0028,SIM Regulation Unit,SIM Energy Subsystem,2023-03-30,2024-09-20
SUB-SIM-0224,SIM-0028,SIM Circulation Unit,SIM Thermal Subsystem,2022-11-11,2024-05-04
SUB-SIM-0225,SIM-0029,SIM Flow Monitor,SIM Thermal Subsystem,2022-12-28,2024-06-20
SUB-SIM-0226,SIM-0029,SIM Configuration Service,SIM Software Subsystem,2022-11-16,2024-05-09
SUB-SIM-0227,SIM-0029,SIM Network Interface,SIM Network Subsystem,2023-03-13,2024-09-03
SUB-SIM-0228,SIM-0029,SIM Message Gateway,SIM Network Subsystem,2023-01-26,2024-07-19
SUB-SIM-0229,SIM-0029,SIM Position Drive,SIM Motion Subsystem,2023-03-14,2024-09-04
SUB-SIM-0230,SIM-0029,SIM Power Unit,SIM Energy Subsystem,2022-08-17,2024-02-08
SUB-SIM-0231,SIM-0029,SIM Image Controller,SIM Image Subsystem,2023-05-02,2024-10-23
SUB-SIM-0232,SIM-0029,SIM Regulation Unit,SIM Energy Subsystem,2022-12-26,2024-06-18
SUB-SIM-0233,SIM-0030,SIM Flow Monitor,SIM Thermal Subsystem,2022-12-31,2024-06-23
SUB-SIM-0234,SIM-0030,SIM Network Interface,SIM Network Subsystem,2022-10-24,2024-04-16
SUB-SIM-0235,SIM-0030,SIM Position Drive,SIM Motion Subsystem,2023-04-04,2024-09-25
SUB-SIM-0236,SIM-0030,SIM Power Unit,SIM Energy Subsystem,2022-08-25,2024-02-16
SUB-SIM-0237,SIM-0030,SIM Circulation Unit,SIM Thermal Subsystem,2022-11-18,2024-05-11
SUB-SIM-0238,SIM-0030,SIM Message Gateway,SIM Network Subsystem,2023-05-30,2024-11-20
SUB-SIM-0239,SIM-0030,SIM Alignment Monitor,SIM Motion Subsystem,2022-09-10,2024-03-03
SUB-SIM-0240,SIM-0030,SIM Regulation Unit,SIM Energy Subsystem,2023-07-08,2024-12-29
SUB-SIM-0241,SIM-0031,SIM Flow Monitor,SIM Thermal Subsystem,2023-06-10,2024-12-01
SUB-SIM-0242,SIM-0031,SIM Circulation Unit,SIM Thermal Subsystem,2023-07-21,2025-01-11
SUB-SIM-0243,SIM-0031,SIM Configuration Service,SIM Software Subsystem,2023-01-27,2024-07-20
SUB-SIM-0244,SIM-0031,SIM Processing Unit,SIM Image Subsystem,2023-08-31,2025-02-21
SUB-SIM-0245,SIM-0031,SIM Alignment Monitor,SIM Motion Subsystem,2023-03-24,2024-09-14
SUB-SIM-0246,SIM-0031,SIM Message Gateway,SIM Network Subsystem,2022-12-28,2024-06-20
SUB-SIM-0247,SIM-0031,SIM Position Drive,SIM Motion Subsystem,2023-07-14,2025-01-04
SUB-SIM-0248,SIM-0031,SIM Control Application,SIM Software Subsystem,2023-08-11,2025-02-01
SUB-SIM-0249,SIM-0032,SIM Flow Monitor,SIM Thermal Subsystem,2023-07-16,2025-01-06
SUB-SIM-0250,SIM-0032,SIM Power Unit,SIM Energy Subsystem,2022-11-15,2024-05-08
SUB-SIM-0251,SIM-0032,SIM Message Gateway,SIM Network Subsystem,2022-12-15,2024-06-07
SUB-SIM-0252,SIM-0032,SIM Image Controller,SIM Image Subsystem,2023-01-13,2024-07-06
SUB-SIM-0253,SIM-0032,SIM Regulation Unit,SIM Energy Subsystem,2022-11-04,2024-04-27
SUB-SIM-0254,SIM-0032,SIM Network Interface,SIM Network Subsystem,2023-05-22,2024-11-12
SUB-SIM-0255,SIM-0032,SIM Configuration Service,SIM Software Subsystem,2023-06-16,2024-12-07
SUB-SIM-0256,SIM-0032,SIM Processing Unit,SIM Image Subsystem,2022-10-09,2024-04-01
SUB-SIM-0257,SIM-0033,SIM Circulation Unit,SIM Thermal Subsystem,2023-10-15,2025-04-07
SUB-SIM-0258,SIM-0033,SIM Image Controller,SIM Image Subsystem,2023-05-14,2024-11-04
SUB-SIM-0259,SIM-0033,SIM Alignment Monitor,SIM Motion Subsystem,2023-06-08,2024-11-29
SUB-SIM-0260,SIM-0033,SIM Flow Monitor,SIM Thermal Subsystem,2023-03-28,2024-09-18
SUB-SIM-0261,SIM-0033,SIM Network Interface,SIM Network Subsystem,2023-01-30,2024-07-23
SUB-SIM-0262,SIM-0033,SIM Position Drive,SIM Motion Subsystem,2023-03-21,2024-09-11
SUB-SIM-0263,SIM-0033,SIM Configuration Service,SIM Software Subsystem,2023-04-08,2024-09-29
SUB-SIM-0264,SIM-0033,SIM Power Unit,SIM Energy Subsystem,2023-10-22,2025-04-14
SUB-SIM-0265,SIM-0034,SIM Image Controller,SIM Image Subsystem,2022-12-22,2024-06-14
SUB-SIM-0266,SIM-0034,SIM Alignment Monitor,SIM Motion Subsystem,2022-10-17,2024-04-09
SUB-SIM-0267,SIM-0034,SIM Control Application,SIM Software Subsystem,2023-02-21,2024-08-14
SUB-SIM-0268,SIM-0034,SIM Network Interface,SIM Network Subsystem,2023-02-22,2024-08-15
SUB-SIM-0269,SIM-0034,SIM Message Gateway,SIM Network Subsystem,2022-12-25,2024-06-17
SUB-SIM-0270,SIM-0034,SIM Circulation Unit,SIM Thermal Subsystem,2023-09-04,2025-02-25
SUB-SIM-0271,SIM-0034,SIM Configuration Service,SIM Software Subsystem,2023-04-09,2024-09-30
SUB-SIM-0272,SIM-0034,SIM Position Drive,SIM Motion Subsystem,2023-04-19,2024-10-10
SUB-SIM-0273,SIM-0035,SIM Alignment Monitor,SIM Motion Subsystem,2023-04-18,2024-10-09
SUB-SIM-0274,SIM-0035,SIM Flow Monitor,SIM Thermal Subsystem,2023-05-07,2024-10-28
SUB-SIM-0275,SIM-0035,SIM Regulation Unit,SIM Energy Subsystem,2023-04-09,2024-09-30
SUB-SIM-0276,SIM-0035,SIM Position Drive,SIM Motion Subsystem,2023-01-25,2024-07-18
SUB-SIM-0277,SIM-0035,SIM Message Gateway,SIM Network Subsystem,2022-12-20,2024-06-12
SUB-SIM-0278,SIM-0035,SIM Configuration Service,SIM Software Subsystem,2023-10-16,2025-04-08
SUB-SIM-0279,SIM-0035,SIM Processing Unit,SIM Image Subsystem,2023-03-16,2024-09-06
SUB-SIM-0280,SIM-0035,SIM Network Interface,SIM Network Subsystem,2023-02-10,2024-08-03
SUB-SIM-0281,SIM-0036,SIM Message Gateway,SIM Network Subsystem,2023-11-10,2025-05-03
SUB-SIM-0282,SIM-0036,SIM Control Application,SIM Software Subsystem,2023-09-27,2025-03-20
SUB-SIM-0283,SIM-0036,SIM Configuration Service,SIM Software Subsystem,2023-06-02,2024-11-23
SUB-SIM-0284,SIM-0036,SIM Network Interface,SIM Network Subsystem,2023-06-24,2024-12-15
SUB-SIM-0285,SIM-0036,SIM Power Unit,SIM Energy Subsystem,2023-04-22,2024-10-13
SUB-SIM-0286,SIM-0036,SIM Position Drive,SIM Motion Subsystem,2023-05-06,2024-10-27
SUB-SIM-0287,SIM-0036,SIM Image Controller,SIM Image Subsystem,2022-11-23,2024-05-16
SUB-SIM-0288,SIM-0036,SIM Regulation Unit,SIM Energy Subsystem,2022-12-03,2024-05-26
