machine_id,top_level_serial_number,model,installation_date,status_as_of,age,system_status
SIM-0001,SIM-0001,SIM-MODEL-01,2021-01-11,2023-08-03,2.5571526351813825,Up
SIM-0002,SIM-0002,SIM-MODEL-02,2021-02-21,2023-09-25,2.5900068446269677,Up
SIM-0003,SIM-0003,SIM-MODEL-03,2021-03-02,2023-09-26,2.568104038329911,Up
SIM-0004,SIM-0004,SIM-MODEL-04,2021-03-08,2023-07-10,2.3381245722108144,Up
SIM-0005,SIM-0005,SIM-MODEL-01,2021-03-18,2023-06-15,2.242299794661191,Up
SIM-0006,SIM-0006,SIM-MODEL-02,2021-04-28,2023-11-27,2.5817932922655715,Up
SIM-0007,SIM-0007,SIM-MODEL-03,2021-05-02,2023-09-13,2.3655030800821355,Up
SIM-0008,SIM-0008,SIM-MODEL-04,2021-05-27,2023-11-28,2.5051334702258727,Up
SIM-0009,SIM-0009,SIM-MODEL-01,2021-06-15,2024-01-29,2.622861054072553,Up
SIM-0010,SIM-0010,SIM-MODEL-02,2021-06-22,2024-01-09,2.5489390828199863,Up
SIM-0011,SIM-0011,SIM-MODEL-03,2021-07-12,2024-02-02,2.5598904859685145,Up
SIM-0012,SIM-0012,SIM-MODEL-04,2021-08-19,2024-03-22,2.5900068446269677,Up
SIM-0013,SIM-0013,SIM-MODEL-01,2021-09-01,2024-04-17,2.625598904859685,Up
SIM-0014,SIM-0014,SIM-MODEL-02,2021-09-22,2024-04-01,2.524298425735797,Up
SIM-0015,SIM-0015,SIM-MODEL-03,2021-09-14,2024-01-30,2.3764544832306638,Up
SIM-0016,SIM-0016,SIM-MODEL-04,2021-10-10,2024-03-06,2.403832991101985,Up
SIM-0017,SIM-0017,SIM-MODEL-01,2021-10-18,2024-05-19,2.5845311430527036,Up
SIM-0018,SIM-0018,SIM-MODEL-02,2021-12-07,2024-06-24,2.546201232032854,Up
SIM-0019,SIM-0019,SIM-MODEL-03,2021-12-14,2024-07-06,2.5598904859685145,Up
SIM-0020,SIM-0020,SIM-MODEL-04,2021-12-16,2024-07-17,2.5845311430527036,Up
SIM-0021,SIM-0021,SIM-MODEL-01,2022-01-24,2024-08-05,2.529774127310062,Up
SIM-0022,SIM-0022,SIM-MODEL-02,2022-02-11,2024-08-22,2.5270362765229293,Up
SIM-0023,SIM-0023,SIM-MODEL-03,2022-02-12,2024-06-04,2.308008213552361,Up
SIM-0024,SIM-0024,SIM-MODEL-04,2022-03-14,2024-09-23,2.529774127310062,Up
SIM-0025,SIM-0025,SIM-MODEL-01,2022-03-12,2024-09-27,2.546201232032854,Up
SIM-0026,SIM-0026,SIM-MODEL-02,2022-04-12,2024-11-26,2.625598904859685,Up
SIM-0027,SIM-0027,SIM-MODEL-03,2022-05-03,2024-11-20,2.5516769336071183,Up
SIM-0028,SIM-0028,SIM-MODEL-04,2022-05-03,2024-12-06,2.595482546201232,Up
SIM-0029,SIM-0029,SIM-MODEL-01,2022-06-15,2024-10-23,2.3572895277207393,Up
SIM-0030,SIM-0030,SIM-MODEL-02,2022-07-08,2024-12-29,2.4777549623545516,Up
SIM-0031,SIM-0031,SIM-MODEL-03,2022-07-19,2025-02-21,2.595482546201232,Up
SIM-0032,SIM-0032,SIM-MODEL-04,2022-08-02,2025-01-06,2.431211498973306,Up
SIM-0033,SIM-0033,SIM-MODEL-01,2022-09-03,2025-04-14,2.6119096509240247,Up
SIM-0034,SIM-0034,SIM-MODEL-02,2022-08-31,2025-02-25,2.48870636550308,Up
SIM-0035,SIM-0035,SIM-MODEL-03,2022-09-19,2025-04-08,2.5516769336071183,Up
SIM-0036,SIM-0036,SIM-MODEL-04,2022-10-05,2025-05-03,2.5763175906913074,Up
